date,N2,CH4,CO2
1552638377000,1920.56,2045600.0,763470.0
1552638499000,1917.66,2041910.0,763987.0
1552638620000,1903.0,2042730.0,763433.0
1552638742000,1906.6,2042860.0,763555.0
1552638862000,1904.54,2046200.0,763014.0
1552638983000,1924.94,2052200.0,764121.0
1552639104000,1913.12,2047940.0,762924.0
1552639226000,1914.28,2043950.0,763464.0
1552639347000,1905.76,2046010.0,763656.0
1552639468000,1904.92,2042780.0,763731.0
1552639590000,1911.74,2040480.0,763931.0
1552639711000,1896.6,2038310.0,763809.0
1552639833000,1904.28,2041220.0,763748.0
1552639955000,1908.18,2036700.0,763241.0
1552640076000,1912.88,2040380.0,764320.0
1552640199000,1907.12,2030610.0,763513.0
1552640321000,1906.04,2030090.0,763700.0
1552640442000,1887.16,2028100.0,763057.0
1552640563000,1908.3,2036440.0,763748.0
1552640685000,1917.76,2038430.0,763336.0
1552640807000,1905.16,2030750.0,763442.0
1552640928000,1898.18,2037570.0,763167.0
1552641050000,1896.08,2034430.0,763478.0
1552641171000,1910.08,2042750.0,763013.0
1552641293000,1893.38,2027490.0,763900.0
1552641414000,1913.08,2040850.0,763479.0
1552641536000,1896.34,2030920.0,763450.0
1552641655000,1914.9,2044440.0,763588.0
1552641776000,1896.86,2041750.0,763264.0
1552641898000,1899.62,2037680.0,763391.0
1552642019000,1883.74,2013100.0,763432.0
1552642140000,1896.18,2047910.0,762888.0
1552642261000,1913.06,2044880.0,763599.0
1552642383000,1901.88,2038150.0,763918.0
1552642505000,1903.22,2045870.0,763384.0
1552642626000,1895.84,2044210.0,763590.0
1552642750000,1903.56,2036120.0,763334.0
1552642870000,1905.82,2050530.0,763287.0
1552642991000,1913.42,2049660.0,763346.0
1552643112000,1896.24,2042190.0,763364.0
1552643234000,1890.94,2016600.0,764004.0
1552643357000,1922.56,2050190.0,763510.0
1552643479000,1908.74,2049960.0,763074.0
1552643601000,1916.9,2050120.0,763916.0
1552643721000,1917.88,2045070.0,763768.0
1552643841000,1901.34,2045880.0,762885.0
1552643963000,1909.72,2047210.0,763218.0
1552644086000,1911.5,2049670.0,763853.0
1552644207000,1918.56,2046480.0,763789.0
1552644329000,1923.1,2052380.0,763616.0
1552644450000,1926.74,2051140.0,763062.0
1552644571000,1905.38,2049310.0,762971.0
1552644692000,1910.4,2050040.0,763217.0
1552644813000,1922.84,2058660.0,763985.0
1552644934000,1921.94,2051930.0,764244.0
1552645054000,1903.56,2044190.0,763540.0
1552645176000,1884.94,2015130.0,763664.0
1552645297000,1916.4,2049000.0,763634.0
1552645418000,1921.08,2048680.0,763597.0
1552645540000,1914.06,2042490.0,763279.0
1552645660000,1912.42,2040010.0,763188.0
1552645781000,1899.86,2039540.0,763222.0
1552645903000,1922.22,2045580.0,763600.0
1552646024000,1894.78,2037240.0,763579.0
1552646145000,1868.88,2037850.0,763768.0
1552646266000,1896.42,2049920.0,763173.0
1552646388000,1900.36,2042420.0,763662.0
1552646511000,1915.52,2044290.0,763216.0
1552646635000,1907.64,2039180.0,763316.0
1552646755000,1905.02,2043410.0,763744.0
1552646878000,1908.66,2044870.0,762842.0
1552646999000,1904.52,2040950.0,763264.0
1552647120000,1917.52,2010450.0,763810.0
1552647244000,1915.64,2040280.0,763495.0
1552647365000,1896.96,1739310.0,763981.0
1552647486000,1896.54,1738660.0,763027.0
1552647607000,1914.48,2056500.0,763409.0
1552647728000,1909.72,2046530.0,763775.0
1552647849000,1889.94,2039440.0,763328.0
1552647971000,1885.12,2038370.0,763663.0
1552648095000,1893.94,2038560.0,763424.0
1552648216000,1912.64,2043070.0,763586.0
1552648336000,1915.34,2036250.0,764011.0
1552648458000,1910.56,2036730.0,763941.0
1552648578000,1907.24,2043860.0,763270.0
1552648699000,1902.0,2037060.0,762937.0
1552648820000,1907.86,2043650.0,762989.0
1552648942000,1913.94,2043730.0,763396.0
1552649064000,1909.26,2044840.0,763802.0
1552649184000,1904.38,2043370.0,763472.0
1552649306000,1910.22,2045890.0,762868.0
1552649427000,1917.06,2043040.0,763502.0
1552649548000,1916.82,2047100.0,763556.0
1552649672000,1904.48,2038990.0,763189.0
1552649794000,1904.16,2053650.0,763299.0
1552649914000,1909.58,2047710.0,763280.0
1552650038000,1902.32,2045860.0,762550.0
1552650159000,1905.22,2039790.0,763659.0
1552650280000,1907.46,2040960.0,763074.0
1552650401000,1900.54,1742700.0,762794.0
1552650522000,1907.0,2042350.0,763159.0
1552650643000,1892.7,2044530.0,763172.0
1552650764000,1913.02,2044450.0,763107.0
1552650884000,1897.98,2046000.0,763118.0
1552651004000,1912.88,2047200.0,763665.0
1552651125000,1904.7,2044650.0,762539.0
1552651245000,1908.98,2046240.0,764106.0
1552651366000,1905.1,2041880.0,763581.0
1552651487000,1891.1,2009960.0,763933.0
1552651608000,1909.32,2055160.0,763502.0
1552651730000,1909.74,2046980.0,763614.0
1552651850000,1922.92,2045140.0,763217.0
1552651971000,1918.64,2043460.0,762829.0
1552652092000,1910.16,2047130.0,764120.0
1552652213000,1907.78,2038070.0,762594.0
1552652334000,1925.78,2046990.0,763137.0
1552652454000,1895.3,2039670.0,763370.0
1552652575000,1906.96,2041430.0,763200.0
1552652696000,1899.02,2037700.0,763588.0
1552652817000,1919.28,2047810.0,763651.0
1552652940000,1895.6,2040310.0,763503.0
1552653060000,1905.92,2046500.0,763082.0
1552653181000,1895.96,2039220.0,763467.0
1552653302000,1908.76,2039810.0,763553.0
1552653422000,1920.98,2052920.0,763487.0
1552653543000,1910.5,2035390.0,763147.0
1552653663000,1906.2,2040290.0,763300.0
1552653784000,1899.16,2040190.0,762854.0
1552653905000,1910.9,2053750.0,763546.0
1552654025000,1917.6,2048840.0,763152.0
1552654145000,1908.32,2043340.0,762035.0
1552654266000,1897.2,2034590.0,764055.0
1552654387000,1929.54,2030460.0,763362.0
1552654508000,1905.28,2041320.0,762865.0
1552654629000,1896.78,2047250.0,763313.0
1552654750000,1905.98,2049620.0,763842.0
1552654874000,1886.48,2041150.0,763767.0
1552654994000,1903.5,2042000.0,762780.0
1552655115000,1897.82,2041720.0,762989.0
1552655235000,1899.82,2044780.0,763363.0
1552655356000,1919.8,2047690.0,762630.0
1552655476000,1928.94,2044930.0,763699.0
1552655597000,1908.02,2041610.0,763687.0
1552655717000,1899.4,2039580.0,762817.0
1552655838000,1904.18,2034590.0,763028.0
1552655959000,1907.3,2043890.0,763030.0
1552656080000,1897.1,2044230.0,763896.0
1552656199000,1892.5,2045570.0,763371.0
1552656321000,1903.82,2034100.0,763527.0
1552656441000,1903.44,2047980.0,763112.0
1552656561000,1878.0,2038750.0,763676.0
1552656682000,1874.78,1999850.0,762437.0
1552656802000,1897.22,2050790.0,763779.0
1552656921000,1911.3,2050800.0,763888.0
1552657043000,1907.56,2045390.0,763149.0
1552657163000,1884.24,2041790.0,763033.0
1552657283000,1915.14,2038380.0,763651.0
1552657405000,1908.48,2047230.0,763743.0
1552657527000,1910.76,2042650.0,763780.0
1552657648000,1893.96,2028940.0,764016.0
1552657768000,1895.78,2041410.0,762848.0
1552657889000,1899.7,2036280.0,763244.0
1552658009000,1900.88,2029080.0,764000.0
1552658130000,1902.56,2032810.0,762935.0
1552658254000,1911.18,2044270.0,763219.0
1552658374000,1893.5,2044670.0,762822.0
1552658494000,1905.7,2044720.0,763546.0
1552658615000,1910.02,2041640.0,764391.0
1552658735000,1896.84,2043020.0,763047.0
1552658855000,1900.4,2036160.0,764559.0
1552658975000,1915.88,2045190.0,763436.0
1552659096000,1901.86,2044460.0,763697.0
1552659218000,1899.78,2045680.0,763057.0
1552659341000,1913.84,2046520.0,763252.0
1552659462000,1910.18,2037010.0,763227.0
1552659582000,1902.22,2040220.0,763892.0
1552659702000,1916.14,2053230.0,763227.0
1552659823000,1915.4,2049130.0,763215.0
1552659945000,1890.78,2041080.0,764055.0
1552660066000,1896.12,2042580.0,763609.0
1552660187000,1913.06,2046070.0,763216.0
1552660307000,1919.74,2048830.0,763612.0
1552660427000,1910.88,2052090.0,763705.0
1552660547000,1906.48,2051730.0,763220.0
1552660668000,1907.78,2049610.0,764029.0
1552660790000,1896.92,2032680.0,763396.0
1552660911000,1928.06,2050630.0,763326.0
1552661031000,1913.82,2049110.0,763780.0
1552661153000,1915.04,2048990.0,763346.0
1552661273000,1921.62,2043490.0,764011.0
1552661393000,1878.1,2009130.0,763465.0
1552661514000,1911.64,2050660.0,763827.0
1552661634000,1900.26,2044200.0,763134.0
1552661754000,1900.84,2045060.0,762993.0
1552661874000,1908.18,2040470.0,763226.0
1552661994000,1909.44,2038710.0,763051.0
1552662115000,1908.62,2036980.0,763031.0
1552662235000,1908.6,1728530.0,763989.0
1552662355000,1925.52,2049100.0,763861.0
1552662476000,1911.2,2049830.0,763175.0
1552662598000,1913.52,2044520.0,764186.0
1552662718000,1903.6,2044960.0,764114.0
1552662838000,1912.36,2052740.0,763883.0
1552662958000,1905.82,2045500.0,763196.0
1552663079000,1915.38,2048100.0,763550.0
1552663199000,1916.14,2045570.0,764100.0
1552663320000,1919.08,2050110.0,763461.0
1552663442000,1919.2,2042770.0,763333.0
1552663562000,1910.52,2040580.0,763715.0
1552663683000,1909.82,2050440.0,763460.0
1552663805000,1919.36,2044120.0,763584.0
1552663927000,1907.22,2044140.0,763686.0
1552664049000,1911.56,2049750.0,763562.0
1552664170000,1918.0,2049170.0,763326.0
1552664291000,1905.56,2040300.0,763513.0
1552664412000,1925.56,2061460.0,763629.0
1552664533000,1922.04,2063340.0,763431.0
1552664653000,1907.64,2044220.0,763061.0
1552664773000,1897.4,2036310.0,763665.0
1552664897000,1915.42,2040720.0,763203.0
1552665017000,1905.4,2043870.0,763658.0
1552665138000,1902.18,1729220.0,762955.0
1552665258000,1894.32,2034720.0,763728.0
1552665379000,1882.56,2029880.0,761668.0
1552665499000,1903.28,1740410.0,763335.0
1552665619000,1903.86,2042780.0,763411.0
1552665740000,1909.94,2039590.0,763410.0
1552665861000,1908.86,2044910.0,763748.0
1552665983000,1911.74,2044000.0,762901.0
1552666105000,1893.04,2037570.0,763059.0
1552666227000,1891.08,2038070.0,763164.0
1552666347000,1900.06,2034140.0,763331.0
1552666467000,1910.94,2043050.0,763593.0
1552666587000,1898.6,2037380.0,763123.0
1552666709000,1894.88,2036720.0,762692.0
1552666829000,1933.12,2041040.0,763542.0
1552666949000,1902.76,2039170.0,763590.0
1552667069000,1905.54,2045370.0,763529.0
1552667189000,1906.56,2043840.0,763204.0
1552667311000,1907.96,2045480.0,763676.0
1552667431000,1931.16,2044130.0,763496.0
1552667553000,1900.8,2042440.0,762501.0
1552667673000,1898.04,2035250.0,762947.0
1552667793000,1918.6,2038160.0,763262.0
1552667916000,1902.2,2044110.0,763647.0
1552668036000,1873.36,2040780.0,763694.0
1552668156000,1891.0,2042020.0,763908.0
1552668276000,1901.44,2036430.0,763950.0
1552668398000,1898.44,2039660.0,763694.0
1552668518000,1901.44,2034410.0,763060.0
1552668638000,1904.58,2040390.0,763254.0
1552668758000,1896.08,2038560.0,763068.0
1552668878000,1910.64,2041140.0,763637.0
1552669000000,1905.82,2041130.0,763387.0
1552669124000,1905.62,2042760.0,763551.0
1552669244000,1899.54,2036950.0,763460.0
1552669366000,1892.08,2030160.0,763141.0
1552669486000,1898.42,2036090.0,763551.0
1552669606000,1894.82,2033050.0,763837.0
1552669726000,1893.54,2039390.0,763936.0
1552669846000,1898.18,2044630.0,764235.0
1552669966000,1907.88,2040030.0,763817.0
1552670086000,1894.5,2032870.0,762979.0
1552670207000,1902.88,2044600.0,763829.0
1552670329000,1899.6,2035890.0,763443.0
1552670449000,1912.38,2044070.0,763837.0
1552670569000,1907.18,2030860.0,763848.0
1552670691000,1899.36,2034940.0,763459.0
1552670813000,1908.54,2044170.0,763292.0
1552670933000,1899.54,2041760.0,763679.0
1552671054000,1906.92,2042060.0,764099.0
1552671174000,1904.16,2031740.0,763083.0
1552671296000,1904.88,2031430.0,763496.0
1552671417000,1898.32,2030590.0,763051.0
1552671537000,1904.04,2037780.0,763552.0
1552671659000,1889.7,2034190.0,763320.0
1552671779000,1905.64,2037210.0,764208.0
1552671899000,1896.32,2042580.0,763353.0
1552672021000,1904.66,2045510.0,763281.0
1552672142000,1903.24,2045230.0,763089.0
1552672262000,1904.58,2037110.0,763454.0
1552672384000,1898.42,2032250.0,763377.0
1552672506000,1901.52,2048410.0,762973.0
1552672628000,1908.56,2047880.0,762588.0
1552672750000,1911.24,2042960.0,763646.0
1552672870000,1921.9,2040830.0,763771.0
1552672990000,1908.32,2043760.0,762929.0
1552673112000,1908.66,2042730.0,762421.0
1552673234000,1913.44,2038730.0,762825.0
1552673358000,1903.5,2047520.0,762938.0
1552673480000,1916.08,2043700.0,762743.0
1552673602000,1898.36,2039980.0,763008.0
1552673723000,1917.38,2037190.0,763244.0
1552673843000,1912.46,2041510.0,762601.0
1552673963000,1906.68,2045290.0,763653.0
1552674086000,1909.66,2038810.0,762863.0
1552674210000,1897.76,2037920.0,763621.0
1552674334000,1906.62,2033440.0,763607.0
1552674454000,1916.76,2043410.0,762942.0
1552674575000,1908.28,2049270.0,762690.0
1552674697000,1911.72,2045820.0,763849.0
1552674819000,1895.26,2038510.0,762834.0
1552674941000,1915.16,2042820.0,763245.0
1552675062000,1901.8,2036270.0,763235.0
1552675187000,1901.26,2031890.0,763084.0
1552675307000,1901.76,2038740.0,763092.0
1552675427000,1914.86,2045410.0,762699.0
1552675551000,1905.66,2043350.0,763201.0
1552675675000,1901.64,2039230.0,763484.0
1552675796000,1913.88,2038820.0,763345.0
1552675918000,1901.12,2033560.0,763795.0
1552676039000,1904.32,2031300.0,763449.0
1552676161000,1898.54,2040520.0,762805.0
1552676283000,1905.2,2032730.0,763043.0
1552676405000,1901.64,2036240.0,763666.0
1552676527000,1895.72,2030590.0,763195.0
1552676647000,1889.08,2032850.0,762985.0
1552676768000,1890.78,2038840.0,762919.0
1552676890000,1905.14,2035320.0,763667.0
1552677015000,1903.02,2035890.0,763653.0
1552677136000,1897.2,2032120.0,763480.0
1552677257000,1890.16,2025660.0,763187.0
1552677380000,1889.0,2028240.0,763018.0
1552677501000,1905.86,2032560.0,762945.0
1552677623000,1894.46,2033740.0,763078.0
1552677743000,1892.24,2029400.0,762804.0
1552677864000,1893.74,2026090.0,763303.0
1552677984000,1912.12,2041400.0,763482.0
1552678105000,1912.14,2042040.0,763835.0
1552678227000,1897.14,2040470.0,763701.0
1552678351000,1893.74,2034670.0,763673.0
1552678473000,1895.46,2038540.0,762710.0
1552678597000,1898.82,2039840.0,762785.0
1552678719000,1904.0,2032780.0,762807.0
1552678839000,1918.84,2044140.0,763780.0
1552678964000,1909.48,2040550.0,763183.0
1552679086000,1911.1,2036720.0,763534.0
1552679208000,1902.86,2033180.0,763435.0
1552679327000,1893.96,2036180.0,763401.0
1552679447000,1896.9,2040220.0,763484.0
1552679568000,1890.52,2037480.0,762969.0
1552679688000,1903.64,2039010.0,762955.0
1552679809000,1887.92,2033190.0,763104.0
1552679931000,1897.12,2036620.0,763508.0
1552680051000,1889.34,2027930.0,763202.0
1552680173000,1917.68,2041730.0,763069.0
1552680293000,1902.4,2042520.0,762950.0
1552680413000,1899.62,2034900.0,763439.0
1552680535000,1886.46,2035830.0,762987.0
1552680654000,1902.0,2035050.0,763188.0
1552680775000,1896.86,2032420.0,763476.0
1552680897000,1904.74,2030800.0,763798.0
1552681022000,1898.22,2035870.0,763635.0
1552681143000,1901.58,2038100.0,763601.0
1552681264000,1896.06,2024370.0,762850.0
1552681386000,1901.2,2030770.0,763127.0
1552681506000,1897.36,2030430.0,763382.0
1552681628000,1902.12,2038830.0,763804.0
1552681751000,1872.72,2005640.0,763539.0
1552681872000,1898.24,2043760.0,763527.0
1552681994000,1901.0,2037110.0,763460.0
1552682115000,1897.18,2038970.0,763435.0
1552682237000,1906.32,2043410.0,763647.0
1552682361000,1902.6,2040030.0,763187.0
1552682485000,1909.86,2039760.0,763452.0
1552682607000,1899.08,2039340.0,763899.0
1552682728000,1898.08,2045150.0,762888.0
1552682850000,1907.24,2046100.0,762773.0
1552682974000,1908.66,1744110.0,764096.0
1552683096000,1888.34,2039480.0,763218.0
1552683218000,1905.78,2053820.0,763289.0
1552683339000,1914.2,2049070.0,763096.0
1552683459000,1919.22,2046110.0,763882.0
1552683579000,1916.86,2043600.0,762758.0
1552683701000,1911.44,2043480.0,763104.0
1552683823000,1903.7,2045370.0,763233.0
1552683945000,1892.34,2038650.0,763144.0
1552684066000,1896.36,2028300.0,763954.0
1552684188000,1900.48,2038900.0,763492.0
1552684309000,1903.28,2036380.0,763195.0
1552684431000,1923.82,2038570.0,764086.0
1552684552000,1889.26,2038770.0,763591.0
1552684676000,1889.76,2038660.0,763017.0
1552684798000,1907.6,2034680.0,763466.0
1552684920000,1893.36,2036660.0,763494.0
1552685041000,1896.96,2032610.0,763157.0
1552685164000,1902.9,2034300.0,763855.0
1552685288000,1899.18,2033990.0,763803.0
1552685409000,1891.78,2034040.0,763644.0
1552685533000,1895.1,2043630.0,763060.0
1552685654000,1892.68,2036800.0,763076.0
1552685776000,1899.12,2037320.0,763031.0
1552685895000,1902.18,2038340.0,762834.0
1552686016000,1898.08,2035220.0,762828.0
1552686138000,1906.32,2031820.0,763853.0
1552686259000,1888.68,2038580.0,763708.0
1552686380000,1899.7,2034240.0,763187.0
1552686503000,1912.78,1739020.0,763005.0
1552686624000,1901.24,2042300.0,763037.0
1552686746000,1908.44,2044250.0,763238.0
1552686867000,1916.4,2041640.0,763705.0
1552686991000,1904.02,2029770.0,763645.0
1552687113000,1888.46,2008310.0,763105.0
1552687235000,1897.12,2046480.0,763437.0
1552687359000,1891.44,2033420.0,763178.0
1552687480000,1906.08,2035320.0,762896.0
1552687602000,1887.34,2027410.0,763211.0
1552687724000,1891.84,2036780.0,763142.0
1552687845000,1912.76,2042640.0,763537.0
1552687966000,1885.58,2026380.0,763197.0
1552688087000,1904.94,2041620.0,763655.0
1552688209000,1884.42,2033570.0,762766.0
1552688330000,1900.2,2038490.0,763373.0
1552688454000,1901.08,2038210.0,762550.0
1552688575000,1898.42,2033430.0,763725.0
1552688696000,1930.26,2032230.0,763543.0
1552688818000,1897.96,2033990.0,763627.0
1552688939000,1892.34,2033060.0,763121.0
1552689061000,1894.26,2034790.0,763094.0
1552689183000,1905.82,2041800.0,763831.0
1552689304000,1917.5,2042180.0,763149.0
1552689426000,1894.08,2040190.0,763225.0
1552689548000,1892.98,2040290.0,762640.0
1552689672000,1898.1,2033600.0,762986.0
1552689794000,1908.6,2033400.0,763059.0
1552689918000,1899.54,2037900.0,763386.0
1552690042000,1899.66,2040790.0,762546.0
1552690164000,1901.0,2028510.0,763262.0
1552690285000,1897.6,2036580.0,761457.0
1552690407000,1896.46,2029020.0,763246.0
1552690528000,1894.34,2032570.0,763093.0
1552690649000,1869.1,2004630.0,763672.0
1552690771000,1913.6,2049220.0,763759.0
1552690893000,1925.72,2045270.0,762798.0
1552691014000,1907.2,2042020.0,763381.0
1552691136000,1904.92,2039910.0,763698.0
1552691257000,1895.5,2039190.0,762697.0
1552691379000,1908.7,2038210.0,763747.0
1552691500000,1899.18,2037000.0,764450.0
1552691621000,1915.6,2034950.0,763362.0
1552691742000,1895.7,2021420.0,763289.0
1552691866000,1900.78,2040110.0,763182.0
1552691987000,1904.22,2033330.0,763603.0
1552692108000,1892.92,2030560.0,763642.0
1552692232000,1904.72,2040010.0,763710.0
1552692356000,1900.8,2033870.0,763499.0
1552692477000,1906.58,2042520.0,763496.0
1552692597000,1905.14,2038950.0,763023.0
1552692718000,1888.72,2036100.0,764242.0
1552692839000,1894.74,2033820.0,763580.0
1552692960000,1904.88,2035980.0,763401.0
1552693082000,1908.32,2034790.0,763153.0
1552693203000,1896.12,2033880.0,763801.0
1552693324000,1894.18,2042630.0,763280.0
1552693445000,1905.78,2048750.0,763477.0
1552693569000,1887.58,2038350.0,763184.0
1552693690000,1902.48,2035390.0,763921.0
1552693811000,1906.7,2040630.0,763382.0
1552693936000,1905.68,2040690.0,763723.0
1552694057000,1894.16,2037390.0,763412.0
1552694178000,1892.22,2033220.0,763087.0
1552694300000,1893.36,2040190.0,762993.0
1552694421000,1900.94,2035520.0,763547.0
1552694542000,1909.42,2033570.0,764514.0
1552694663000,1880.64,2030040.0,763051.0
1552694784000,1881.58,2018810.0,763830.0
1552694907000,1904.1,2037230.0,762468.0
1552695029000,1900.54,1728820.0,763235.0
1552695150000,1883.94,2026110.0,763944.0
1552695272000,1890.42,1725610.0,763159.0
1552695393000,1903.74,2030350.0,763163.0
1552695515000,1903.18,2034040.0,762876.0
1552695636000,1891.48,2023480.0,763306.0
1552695757000,1894.92,2040570.0,763577.0
1552695879000,1868.28,1999820.0,763340.0
1552696001000,1911.32,2044630.0,763556.0
1552696125000,1904.36,2044600.0,763469.0
1552696246000,1907.5,2041430.0,762759.0
1552696367000,1900.58,2034520.0,763920.0
1552696489000,1913.92,2035600.0,763522.0
1552696610000,1911.2,2044150.0,763374.0
1552696732000,1892.36,2049900.0,763161.0
1552696856000,1916.8,2041790.0,763176.0
1552696977000,1907.42,2040700.0,763149.0
1552697098000,1891.16,2029660.0,763191.0
1552697220000,1912.82,2037590.0,763501.0
1552697342000,1913.62,2044140.0,763191.0
1552697463000,1905.94,2046250.0,763722.0
1552697584000,1905.54,2037360.0,763898.0
1552697705000,1909.88,2050260.0,763212.0
1552697827000,1912.58,2042310.0,764188.0
1552697947000,1894.82,2035170.0,763094.0
1552698070000,1905.72,2046080.0,763058.0
1552698191000,1908.24,2044540.0,763407.0
1552698315000,1896.18,2048580.0,763523.0
1552698439000,1902.36,2047140.0,763997.0
1552698562000,1907.08,1740370.0,763905.0
1552698683000,1905.36,2050380.0,763185.0
1552698807000,1919.9,2049380.0,763520.0
1552698929000,1909.7,2048100.0,762988.0
1552699050000,1894.16,2037980.0,763292.0
1552699171000,1910.14,2039610.0,763750.0
1552699293000,1902.02,2043960.0,763183.0
1552699417000,1920.66,2048950.0,764237.0
1552699539000,1894.6,2045170.0,763572.0
1552699660000,1886.08,2036050.0,763337.0
1552699781000,1910.44,2048670.0,763936.0
1552699902000,1914.06,2050080.0,763489.0
1552700025000,1907.46,2054770.0,763181.0
1552700146000,1916.72,2047020.0,763109.0
1552700267000,1920.96,2054890.0,763005.0
1552700391000,1907.36,2048290.0,763098.0
1552700513000,1911.64,2051420.0,764071.0
1552700634000,1906.8,2050480.0,763420.0
1552700756000,1920.12,2049520.0,762628.0
1552700878000,1904.72,2048560.0,763815.0
1552701001000,1907.94,2050370.0,763203.0
1552701123000,1906.38,2050150.0,763535.0
1552701245000,1909.18,2035840.0,763952.0
1552701364000,1907.7,2041980.0,763177.0
1552701485000,1919.08,2030940.0,763677.0
1552701607000,1918.14,2045280.0,762598.0
1552701729000,1901.14,2035630.0,763467.0
1552701852000,1898.02,2049030.0,763326.0
1552701975000,1900.58,2028860.0,763288.0
1552702094000,1934.64,2037700.0,763423.0
1552702216000,1888.7,2028600.0,763464.0
1552702338000,1896.72,2042280.0,763618.0
1552702460000,1908.08,2045090.0,763530.0
1552702582000,1907.44,2041730.0,763372.0
1552702705000,1911.86,2045460.0,764179.0
1552702826000,1913.24,2048510.0,763710.0
1552702948000,1889.84,2029760.0,763667.0
1552703069000,1909.48,2036100.0,763256.0
1552703190000,1909.46,2047020.0,763544.0
1552703312000,1894.34,2041450.0,763220.0
1552703433000,1891.96,2034780.0,763619.0
1552703554000,1912.14,2045080.0,763810.0
1552703676000,1920.74,2055850.0,764212.0
1552703797000,1914.44,2050480.0,762505.0
1552703918000,1913.08,2044580.0,763442.0
1552704039000,1910.98,2045160.0,763880.0
1552704160000,1906.34,2043920.0,762947.0
1552704281000,1902.62,2043130.0,763725.0
1552704403000,1890.3,2034870.0,763114.0
1552704523000,1902.06,2035550.0,763710.0
1552704644000,1909.56,2044690.0,763374.0
1552704767000,1895.66,2037210.0,763324.0
1552704888000,1893.02,2036500.0,763364.0
1552705009000,1899.94,2044620.0,763116.0
1552705130000,1912.22,2041790.0,763588.0
1552705252000,1918.2,2042960.0,763895.0
1552705373000,1904.78,2037580.0,762953.0
1552705495000,1894.7,2047340.0,763218.0
1552705616000,1906.2,2043840.0,763732.0
1552705737000,1917.74,2050110.0,764022.0
1552705857000,1905.36,2048430.0,762830.0
1552705979000,1916.94,2044870.0,764221.0
1552706099000,1915.32,2043060.0,764014.0
1552706220000,1893.28,2036610.0,762887.0
1552706342000,1907.0,2037770.0,763355.0
1552706464000,1892.24,2041040.0,763966.0
1552706585000,1910.24,2043210.0,764056.0
1552706706000,1909.0,2046180.0,763983.0
1552706827000,1897.56,2045180.0,763167.0
1552706948000,1909.08,2044500.0,764750.0
1552707069000,1900.94,2038710.0,762996.0
1552707191000,1900.9,2034580.0,763093.0
1552707311000,1915.74,2041830.0,763435.0
1552707431000,1908.68,2042770.0,764445.0
1552707552000,1889.86,2044370.0,763466.0
1552707673000,1900.34,2045020.0,763186.0
1552707794000,1906.44,2047250.0,762888.0
1552707915000,1910.22,2046450.0,763621.0
1552708036000,1908.44,2045840.0,763499.0
1552708156000,1914.68,2053900.0,763990.0
1552708278000,1902.52,2042330.0,762781.0
1552708399000,1902.24,2054650.0,764186.0
1552708519000,1918.5,2051230.0,764078.0
1552708641000,1919.4,2049310.0,764410.0
1552708762000,1904.22,2044920.0,762895.0
1552708883000,1909.38,2049900.0,763511.0
1552709004000,1921.1,2063720.0,763422.0
1552709125000,1921.2,2062720.0,764190.0
1552709246000,1938.86,2065520.0,763904.0
1552709366000,1913.24,2064000.0,763908.0
1552709488000,1912.22,2059580.0,763631.0
1552709609000,1917.1,2067370.0,763431.0
1552709730000,1939.24,2063450.0,763376.0
1552709850000,1914.86,2064300.0,764013.0
1552709972000,1932.7,2063900.0,764198.0
1552710092000,1916.4,2059470.0,763018.0
1552710213000,1932.38,2062670.0,763888.0
1552710335000,1903.34,2061700.0,764450.0
1552710456000,1918.0,2060330.0,763785.0
1552710577000,1913.94,2062290.0,763755.0
1552710697000,1918.64,2063800.0,763763.0
1552710818000,1915.68,2068580.0,763487.0
1552710939000,1915.62,2062480.0,763429.0
1552711061000,1926.64,1747860.0,763924.0
1552711181000,1915.82,2062000.0,763478.0
1552711303000,1921.18,2062920.0,763605.0
1552711424000,1939.38,2067420.0,763878.0
1552711544000,1926.94,2063870.0,763930.0
1552711665000,1915.78,2065670.0,763799.0
1552711786000,1919.28,2062980.0,763828.0
1552711907000,1924.38,2062160.0,764072.0
1552712028000,1927.94,2065470.0,763254.0
1552712149000,1911.18,2066230.0,763444.0
1552712269000,1926.96,2063640.0,764116.0
1552712390000,1929.12,2062480.0,763783.0
1552712510000,1917.72,2059240.0,763467.0
1552712630000,1925.56,2062310.0,764608.0
1552712751000,1918.58,2061680.0,763142.0
1552712874000,1926.34,2062400.0,763168.0
1552712994000,1925.0,2064840.0,763758.0
1552713114000,1920.78,2065560.0,763602.0
1552713234000,1922.46,2068290.0,763504.0
1552713356000,1885.6,2061660.0,763340.0
1552713477000,1929.88,2066540.0,763734.0
1552713597000,1925.08,2067660.0,763225.0
1552713717000,1932.5,2068320.0,763270.0
1552713840000,1922.24,2064650.0,763488.0
1552713961000,1925.5,2065350.0,763825.0
1552714082000,1917.86,2064450.0,763400.0
1552714204000,1916.84,2063220.0,762999.0
1552714324000,1923.34,2068540.0,763682.0
1552714444000,1924.48,1750490.0,763839.0
1552714564000,1920.4,2065340.0,764020.0
1552714684000,1918.36,2066170.0,763685.0
1552714805000,1942.78,2071620.0,763790.0
1552714925000,1929.72,2063160.0,763363.0
1552715048000,1932.98,2069600.0,763476.0
1552715169000,1930.62,2070720.0,763883.0
1552715289000,1924.1,2066480.0,763520.0
1552715410000,1918.18,2062050.0,763795.0
1552715531000,1934.76,2063600.0,763809.0
1552715655000,1916.54,2062220.0,763209.0
1552715775000,1919.7,2065570.0,763249.0
1552715895000,1922.56,2066390.0,764131.0
1552716016000,1923.72,2066680.0,763407.0
1552716138000,1921.14,2071420.0,763649.0
1552716260000,1935.72,2069490.0,763250.0
1552716380000,1929.96,2067460.0,763303.0
1552716501000,1913.38,2064350.0,764180.0
1552716621000,1918.06,2066500.0,763380.0
1552716743000,1924.64,2069710.0,763664.0
1552716864000,1917.68,2068360.0,763703.0
1552716984000,1917.44,2066310.0,762926.0
1552717104000,1933.14,2068370.0,764437.0
1552717224000,1929.48,2070570.0,764175.0
1552717344000,1930.28,2066800.0,763716.0
1552717465000,1915.44,2066230.0,763813.0
1552717585000,1930.58,2067000.0,763241.0
1552717705000,1929.58,2067550.0,763784.0
1552717825000,1936.26,2066610.0,763472.0
1552717945000,1914.52,2064970.0,763954.0
1552718066000,1921.72,2063060.0,763916.0
1552718186000,1927.76,2064140.0,763441.0
1552718309000,1923.7,2066070.0,763720.0
1552718428000,1913.66,2064240.0,763777.0
1552718550000,1920.14,2064400.0,763698.0
1552718671000,1924.94,2066350.0,763411.0
1552718791000,1923.62,2067980.0,764140.0
1552718911000,1927.9,2072740.0,763590.0
1552719031000,1923.74,2069330.0,763623.0
1552719152000,1954.44,2065150.0,763686.0
1552719272000,1927.82,2064600.0,763087.0
1552719396000,1928.98,2072030.0,763646.0
1552719517000,1923.78,2067950.0,763696.0
1552719640000,1918.2,2071600.0,764105.0
1552719760000,1921.14,2067300.0,764132.0
1552719880000,1932.94,2069430.0,763398.0
1552720004000,1909.44,2067880.0,763397.0
1552720126000,1908.92,2065910.0,763544.0
1552720247000,1923.58,2065720.0,763522.0
1552720369000,1912.32,2066710.0,764290.0
1552720489000,1926.54,2063980.0,763592.0
1552720613000,1910.98,2063130.0,762917.0
1552720734000,1923.22,2062890.0,763420.0
1552720854000,1919.48,2063570.0,763522.0
1552720977000,1922.08,2064530.0,763742.0
1552721097000,1919.2,2063720.0,763434.0
1552721218000,1914.2,2062210.0,763417.0
1552721338000,1937.42,2065200.0,764048.0
1552721461000,1918.24,2066710.0,763784.0
1552721581000,1921.0,2068270.0,763859.0
1552721701000,1921.92,2067120.0,763802.0
1552721821000,1922.66,2066620.0,763063.0
1552721941000,1932.22,2065650.0,763871.0
1552722061000,1920.42,2063760.0,763536.0
1552722183000,1920.1,2068140.0,763309.0
1552722305000,1919.24,2064600.0,763850.0
1552722426000,1929.16,2065030.0,763984.0
1552722548000,1922.2,2067180.0,764209.0
1552722668000,1926.94,2065270.0,763316.0
1552722789000,1933.94,2068140.0,763745.0
1552722909000,1941.22,2065230.0,763624.0
1552723031000,1921.74,2067320.0,763567.0
1552723151000,1930.88,2069590.0,763294.0
1552723273000,1925.18,2066710.0,763905.0
1552723395000,1930.58,2070260.0,763690.0
1552723514000,1915.26,2066490.0,763830.0
1552723635000,1924.52,2066860.0,764376.0
1552723755000,1928.36,2073480.0,763325.0
1552723874000,1923.1,2071150.0,764033.0
1552723995000,1930.28,2069090.0,763278.0
1552724117000,1927.44,2069250.0,763861.0
1552724237000,1918.88,2072600.0,763660.0
1552724357000,1923.52,2072350.0,762361.0
1552724477000,1940.5,2068240.0,764158.0
1552724597000,1921.8,2067330.0,763655.0
1552724717000,1923.7,2067500.0,763486.0
1552724838000,1938.28,2069180.0,764196.0
1552724960000,1926.82,2071870.0,763563.0
1552725081000,1928.4,2066680.0,763449.0
1552725202000,1924.7,2068690.0,763559.0
1552725324000,1919.46,2067980.0,763732.0
1552725445000,1937.66,2068330.0,763264.0
1552725566000,1919.44,2065820.0,763729.0
1552725686000,1914.32,2066920.0,763521.0
1552725806000,1921.48,2064670.0,763970.0
1552725926000,1927.94,2070240.0,763349.0
1552726046000,1933.26,2071980.0,764359.0
1552726167000,1913.82,2066180.0,764234.0
1552726286000,1924.42,2068400.0,764064.0
1552726407000,1920.24,2070430.0,764566.0
1552726528000,1930.88,2068210.0,762441.0
1552726652000,1917.56,2067170.0,764054.0
1552726773000,1913.32,2064730.0,763881.0
1552726892000,1930.42,2068400.0,764095.0
1552727015000,1911.54,2065820.0,763943.0
1552727137000,1917.82,2068780.0,763658.0
1552727257000,1925.46,2067520.0,763639.0
1552727379000,1914.66,2067510.0,763707.0
1552727499000,1920.1,2065570.0,763734.0
1552727621000,1924.4,2063060.0,764054.0
1552727743000,1921.04,2066750.0,763451.0
1552727865000,1925.7,2063150.0,763597.0
1552727985000,1931.8,2063190.0,764017.0
1552728106000,1927.28,2063800.0,763653.0
1552728226000,1920.92,2065570.0,764081.0
1552728348000,1923.78,2066610.0,763847.0
1552728469000,1930.74,2064660.0,764106.0
1552728589000,1928.86,2070810.0,763521.0
1552728710000,1933.38,2066130.0,763528.0
1552728831000,1923.34,2066980.0,763644.0
1552728951000,1920.24,2069770.0,764356.0
1552729072000,1920.76,2065930.0,764049.0
1552729194000,1934.56,2067050.0,764174.0
1552729316000,1915.0,2065410.0,763910.0
1552729437000,1927.2,2069890.0,763744.0
1552729560000,1928.38,2068660.0,764349.0
1552729681000,1932.62,2067520.0,763714.0
1552729801000,1931.42,2068420.0,763720.0
1552729921000,1924.64,2068020.0,764326.0
1552730042000,1922.0,2069920.0,764326.0
1552730161000,1930.52,2066140.0,764481.0
1552730281000,1928.32,2073050.0,764735.0
1552730402000,1908.2,2069640.0,763974.0
1552730526000,1913.1,2066460.0,764710.0
1552730646000,1904.44,2070150.0,764299.0
1552730766000,1918.08,2072930.0,764660.0
1552730888000,1911.96,2068260.0,764370.0
1552731009000,1917.96,2068240.0,763885.0
1552731131000,1921.86,2066800.0,764110.0
1552731252000,1931.42,2067580.0,763294.0
1552731372000,1924.94,2065960.0,764651.0
1552731496000,1912.7,2066240.0,763710.0
1552731617000,1921.18,2067750.0,763846.0
1552731739000,1911.48,2066690.0,763681.0
1552731861000,1922.96,2069700.0,763801.0
1552731983000,1924.0,2069020.0,764190.0
1552732103000,1924.98,2066850.0,763623.0
1552732225000,1925.24,2064970.0,763726.0
1552732347000,1924.7,2063690.0,763446.0
1552732467000,1924.56,2066290.0,763893.0
1552732589000,1920.66,2065800.0,763829.0
1552732712000,1928.84,2068230.0,764469.0
1552732832000,1921.72,2066120.0,764174.0
1552732954000,1913.78,2068950.0,764036.0
1552733076000,1910.1,2065410.0,763559.0
1552733198000,1916.6,2066250.0,764498.0
1552733318000,1917.7,2066250.0,764295.0
1552733438000,1922.44,2065330.0,764078.0
1552733560000,1929.58,2069440.0,764614.0
1552733680000,1909.32,2067430.0,763423.0
1552733800000,1938.86,2069240.0,764740.0
1552733920000,1899.04,2065380.0,764059.0
1552734042000,1908.0,2066650.0,764095.0
1552734163000,1923.2,2066270.0,763889.0
1552734287000,1919.52,2067410.0,764569.0
1552734408000,1931.74,2068930.0,764109.0
1552734532000,1925.22,2065690.0,764130.0
1552734652000,1922.58,2068500.0,764112.0
1552734774000,1928.4,2070870.0,764672.0
1552734894000,1898.42,2071200.0,764334.0
1552735015000,1919.44,2064890.0,763715.0
1552735135000,1925.86,2066980.0,764670.0
1552735256000,1917.74,2068190.0,764029.0
1552735378000,1912.98,2065400.0,763532.0
1552735500000,1921.74,2068220.0,763935.0
1552735621000,1927.26,2066040.0,764666.0
1552735745000,1910.16,2065140.0,764798.0
1552735866000,1918.26,2063610.0,763588.0
1552735988000,1921.72,2066930.0,763743.0
1552736112000,1904.4,2065200.0,763699.0
1552736234000,1918.8,2062090.0,763452.0
1552736358000,1915.32,1738610.0,763084.0
1552736479000,1917.34,2063070.0,764020.0
1552736601000,1924.06,2067370.0,763787.0
1552736723000,1922.34,2065150.0,763971.0
1552736845000,1939.48,2065890.0,763598.0
1552736967000,1919.56,2064470.0,763600.0
1552737091000,1916.0,2067450.0,763453.0
1552737212000,1930.16,2068580.0,764093.0
1552737334000,1915.58,2066200.0,764562.0
1552737456000,1922.02,2068240.0,763694.0
1552737578000,1924.06,2066520.0,763226.0
1552737700000,1930.82,2066150.0,763521.0
1552737821000,1917.4,2067000.0,764026.0
1552737945000,1918.56,2064540.0,764057.0
1552738066000,1921.66,2064210.0,763953.0
1552738188000,1909.54,2064960.0,764216.0
1552738308000,1926.94,2066500.0,763953.0
1552738430000,1931.04,2066310.0,763992.0
1552738552000,1922.84,2068170.0,763694.0
1552738674000,1909.64,2063620.0,763718.0
1552738795000,1923.32,1751970.0,764618.0
1552738917000,1903.5,2066280.0,764422.0
1552739037000,1921.54,2065700.0,763793.0
1552739159000,1924.06,2065920.0,763424.0
1552739279000,1925.36,2068550.0,763894.0
1552739400000,1909.1,2066150.0,764162.0
1552739522000,1919.14,2064480.0,763092.0
1552739643000,1928.42,2064540.0,759783.0
1552739765000,1925.42,2062870.0,763934.0
1552739887000,1921.4,2063820.0,764188.0
1552740009000,1920.92,2065920.0,764224.0
1552740130000,1913.82,2061150.0,763781.0
1552740250000,1911.38,2065220.0,763454.0
1552740372000,1921.46,2061700.0,764379.0
1552740496000,1921.24,2062890.0,763488.0
1552740618000,1918.9,2061680.0,764391.0
1552740741000,1901.16,2064390.0,764365.0
1552740861000,1921.4,2065530.0,764402.0
1552740981000,1909.56,2064460.0,763529.0
1552741102000,1922.24,2063140.0,764483.0
1552741224000,1907.7,2062480.0,763883.0
1552741346000,1926.34,2061760.0,763740.0
1552741467000,1909.6,2066920.0,763986.0
1552741589000,1923.02,2065230.0,764659.0
1552741711000,1914.68,2062620.0,763639.0
1552741833000,1913.44,2064610.0,763847.0
1552741953000,1935.46,2062270.0,764349.0
1552742076000,1921.3,2066110.0,762523.0
1552742198000,1917.2,2065060.0,763998.0
1552742319000,1922.66,2067990.0,765217.0
1552742441000,1917.14,2068250.0,763716.0
1552742562000,1926.18,2065640.0,764804.0
1552742686000,1909.78,2066340.0,763279.0
1552742808000,1921.62,2065730.0,763843.0
1552742930000,1917.34,2065140.0,764108.0
1552743051000,1923.64,2068720.0,764067.0
1552743173000,1910.38,2062340.0,764599.0
1552743296000,1912.34,2065730.0,764473.0
1552743420000,1899.86,2065610.0,764317.0
1552743542000,1906.9,2062860.0,764489.0
1552743664000,1919.82,2068110.0,764777.0
1552743785000,1915.18,2065750.0,763544.0
1552743907000,1911.98,2063080.0,763489.0
1552744028000,1915.96,2067450.0,764377.0
1552744147000,1913.88,2067940.0,764912.0
1552744267000,1916.88,2068420.0,764110.0
1552744387000,1907.86,2068610.0,765212.0
1552744509000,1909.1,2065920.0,764642.0
1552744632000,1890.26,2068400.0,764429.0
1552744754000,1908.76,2069340.0,764806.0
1552744875000,1899.04,2060930.0,763277.0
1552744999000,1919.72,2063100.0,764360.0
1552745121000,1922.04,2066030.0,760489.0
1552745243000,1920.16,2066540.0,764979.0
1552745366000,1910.22,2063760.0,764117.0
1552745487000,1915.66,2063170.0,765044.0
1552745608000,1913.6,2066190.0,765191.0
1552745730000,1918.14,2068570.0,764959.0
1552745852000,1909.94,2064450.0,763923.0
1552745974000,1916.92,2064610.0,764114.0
1552746096000,1932.66,2066910.0,765440.0
1552746217000,1921.18,2066730.0,764615.0
1552746338000,1906.18,2060710.0,764139.0
1552746460000,1919.2,2059060.0,763893.0
1552746582000,1925.08,2064580.0,764406.0
1552746703000,1922.74,2061270.0,765073.0
1552746825000,1915.4,2065190.0,764935.0
1552746946000,1899.48,2063040.0,763600.0
1552747068000,1912.34,2062450.0,763867.0
1552747188000,1919.48,2063250.0,763750.0
1552747309000,1910.66,2060510.0,764790.0
1552747431000,1932.06,2062600.0,764172.0
1552747553000,1906.28,2060030.0,764301.0
1552747677000,1919.66,2063880.0,764744.0
1552747799000,1900.46,2062770.0,764454.0
1552747921000,1911.06,2064200.0,765239.0
1552748042000,1907.22,2062930.0,764293.0
1552748163000,1900.84,2064140.0,763740.0
1552748287000,1906.5,2058540.0,763796.0
1552748408000,1908.08,2061250.0,763372.0
1552748532000,1909.4,2064510.0,764502.0
1552748653000,1911.34,2065380.0,764760.0
1552748774000,1909.14,2059540.0,765479.0
1552748898000,1908.26,2062350.0,764177.0
1552749019000,1911.24,2062220.0,764290.0
1552749143000,1906.42,2060550.0,764710.0
1552749264000,1914.94,2064130.0,764483.0
1552749386000,1904.62,2061320.0,764078.0
1552749507000,1909.38,2062790.0,764148.0
1552749628000,1907.24,2064890.0,764311.0
1552749749000,1913.3,2063030.0,764356.0
1552749873000,1888.18,2060100.0,764834.0
1552749994000,1902.16,2061070.0,763970.0
1552750116000,1917.04,2059530.0,765025.0
1552750237000,1914.06,2056320.0,763829.0
1552750361000,1913.76,2057340.0,763413.0
1552750482000,1909.46,2059450.0,763355.0
1552750606000,1915.2,2060000.0,763478.0
1552750730000,1928.62,2066420.0,764359.0
1552750851000,1910.16,2060740.0,763670.0
1552750972000,1919.6,2061210.0,763702.0
1552751096000,1929.04,2060110.0,763939.0
1552751218000,1919.28,2062300.0,762986.0
1552751339000,1911.24,2058840.0,763358.0
1552751459000,1908.7,2058030.0,763160.0
1552751583000,1907.38,2057090.0,763746.0
1552751704000,1903.64,2057400.0,763914.0
1552751828000,1928.02,2066520.0,764183.0
1552751949000,1913.54,1749340.0,764982.0
1552752070000,1895.36,2059260.0,763748.0
1552752192000,1912.5,2059530.0,764092.0
1552752313000,1900.94,2059020.0,764062.0
1552752435000,1916.1,2057330.0,764436.0
1552752559000,1894.9,2057300.0,764113.0
1552752680000,1905.56,2060220.0,764586.0
1552752801000,1896.66,2058400.0,764520.0
1552752921000,1886.86,2057460.0,763934.0
1552753043000,1914.46,2061610.0,764695.0
1552753164000,1900.9,2058940.0,765405.0
1552753288000,1909.46,2060900.0,765740.0
1552753409000,1900.02,2059580.0,765724.0
1552753533000,1904.22,2062470.0,764450.0
1552753654000,1903.92,2061480.0,764344.0
1552753775000,1893.12,2062240.0,764607.0
1552753896000,1900.54,2058360.0,764735.0
1552754017000,1910.92,2056680.0,764692.0
1552754139000,1917.98,2060980.0,765087.0
1552754260000,1913.28,2061290.0,764330.0
1552754384000,1903.32,2060960.0,764261.0
1552754505000,1910.02,2059410.0,764976.0
1552754629000,1885.46,2058720.0,764205.0
1552754750000,1901.84,2060360.0,765065.0
1552754874000,1887.54,2058990.0,764255.0
1552754995000,1897.02,2056750.0,764284.0
1552755117000,1901.66,2057060.0,764365.0
1552755238000,1888.24,2058840.0,764808.0
1552755361000,1903.9,2060440.0,765131.0
1552755482000,1899.94,2060650.0,764901.0
1552755603000,1891.52,2063100.0,764926.0
1552755724000,1889.8,2062640.0,764823.0
1552755846000,1890.58,2060260.0,765346.0
1552755967000,1905.82,2065270.0,764930.0
1552756088000,1910.62,2057960.0,764531.0
1552756210000,1904.5,2062200.0,764428.0
1552756331000,1902.58,2060520.0,764472.0
1552756455000,1914.1,2068580.0,765415.0
1552756579000,1885.42,2064410.0,764620.0
1552756700000,1904.02,2064120.0,764601.0
1552756820000,1910.96,2062880.0,764663.0
1552756941000,1897.68,2062740.0,765080.0
1552757063000,1909.82,2061440.0,764387.0
1552757184000,1907.32,2061530.0,764815.0
1552757308000,1917.42,2067940.0,764748.0
1552757432000,1908.62,2060370.0,764911.0
1552757554000,1906.76,2059940.0,764727.0
1552757675000,1916.78,2060720.0,764789.0
1552757799000,1904.42,2059880.0,764679.0
1552757920000,1895.12,2058900.0,764364.0
1552758042000,1903.66,2062780.0,765094.0
1552758163000,1905.88,2060340.0,764808.0
1552758284000,1895.46,2057520.0,764858.0
1552758406000,1909.6,2059190.0,764907.0
1552758527000,1910.78,2056130.0,764672.0
1552758650000,1888.96,2058320.0,764919.0
1552758775000,1903.92,2058350.0,764796.0
1552758896000,1892.54,2060550.0,764065.0
1552759017000,1876.98,2059350.0,764312.0
1552759139000,1922.48,2058120.0,764857.0
1552759261000,1913.74,2057100.0,764258.0
1552759382000,1926.0,2056850.0,763949.0
1552759506000,1912.98,2060310.0,764414.0
1552759627000,1903.64,2057750.0,763356.0
